subject,seizure_id,window,band,method,matrix_file,mean_connectivity,density,clustering_coefficient,global_efficiency,characteristic_path_length,small_worldness,modularity,mean_betweenness_centrality,assortativity,threshold_density,threshold_weight,negative_edge_fraction,n_zero_edges_after_cleaning,n_nodes,n_possible_edges,n_edges,is_connected,n_components,largest_component_size,n_random_graphs,random_seed,python_version,numpy_version,pandas_version,networkx_version
chb07,chb07_sz01,Baseline,alpha1,aec,chb07_sz01_Baseline_alpha1_aec.npy,0.5320694909803351,0.20346320346320346,0.3085960123738244,0.3017491739573262,3.971404697220346,1.339001888582749,0.3223113941809005,0.07012987012987014,0.0626855638339581,0.2,0.5788681022314216,0.0,0,22,231,47,False,2,21,20,42,3.11.9,2.4.4,3.0.2,3.6.1
chb07,chb07_sz01,Baseline,alpha1,coherence,chb07_sz01_Baseline_alpha1_coherence.npy,0.4634793321599006,0.20346320346320346,0.2569677662751406,0.27704919054324967,4.108194992957729,1.454252519331078,0.31986977807988676,0.06233766233766234,0.2602028397565923,0.2,0.5053141431334365,0.0,0,22,231,47,False,2,21,20,42,3.11.9,2.4.4,3.0.2,3.6.1
chb07,chb07_sz01,Baseline,alpha1,wpli,chb07_sz01_Baseline_alpha1_wpli.npy,0.2848028460572824,0.20346320346320346,0.22269734649904604,0.2696937489082074,3.1653029948671287,0.768834139690293,0.15552700971591377,0.03311688311688313,-0.4176448051269558,0.2,0.45945334004781274,0.0,1,22,231,47,False,4,19,20,42,3.11.9,2.4.4,3.0.2,3.6.1
chb07,chb07_sz01,Baseline,alpha2,aec,chb07_sz01_Baseline_alpha2_aec.npy,0.4098702178370436,0.20346320346320346,0.2759267855509994,0.254404254924298,4.142142894773908,1.5519552272137669,0.3733524498319745,0.055411255411255404,0.301417213964743,0.2,0.4967990990480116,0.0,0,22,231,47,False,3,20,20,42,3.11.9,2.4.4,3.0.2,3.6.1
chb07,chb07_sz01,Baseline,alpha2,coherence,chb07_sz01_Baseline_alpha2_coherence.npy,0.4594944759108294,0.20346320346320346,0.22657006050388018,0.2769021088127392,4.041229288234095,1.5305141537558524,0.360965067794373,0.05822510822510823,0.30339410108196224,0.2,0.5043466340013129,0.0,0,22,231,47,False,2,21,20,42,3.11.9,2.4.4,3.0.2,3.6.1
chb07,chb07_sz01,Baseline,alpha2,wpli,chb07_sz01_Baseline_alpha2_wpli.npy,0.3154011944742773,0.20346320346320346,0.31636671986789566,0.3116888924463765,3.150866490564034,0.9794966438703495,0.20936166347866692,0.04350649350649351,-0.40868884806423084,0.2,0.5141539123611999,0.0,1,22,231,47,False,3,20,20,42,3.11.9,2.4.4,3.0.2,3.6.1
chb07,chb07_sz01,Baseline,beta1,aec,chb07_sz01_Baseline_beta1_aec.npy,0.26931887451320613,0.20346320346320346,0.18272752610950638,0.20686769443004888,5.736389323516965,1.3249697749768892,0.34580554414513054,0.06774891774891777,0.2841912884556806,0.2,0.3482448788036646,0.0,0,22,231,47,False,2,21,20,42,3.11.9,2.4.4,3.0.2,3.6.1
chb07,chb07_sz01,Baseline,beta1,coherence,chb07_sz01_Baseline_beta1_coherence.npy,0.43007613740095135,0.20346320346320346,0.2688307717362534,0.26000383736005817,4.945230184255895,2.031534019228272,0.36664627043199244,0.07532467532467534,0.18677905944986578,0.2,0.455870415778504,0.0,0,22,231,47,True,1,22,20,42,3.11.9,2.4.4,3.0.2,3.6.1
chb07,chb07_sz01,Baseline,beta1,wpli,chb07_sz01_Baseline_beta1_wpli.npy,0.24602340244307666,0.20346320346320346,0.1477329489911136,0.24129668710579075,4.088024319667567,0.7667871902140724,0.23015047937660835,0.044372294372294376,-0.14417094941844807,0.2,0.4294502649459186,0.0,1,22,231,47,False,3,20,20,42,3.11.9,2.4.4,3.0.2,3.6.1
chb07,chb07_sz01,Baseline,beta2,aec,chb07_sz01_Baseline_beta2_aec.npy,0.21512375313321655,0.20346320346320346,0.12564774171826576,0.14415801421769878,6.100787649148194,1.4058146223533359,0.3050768108781409,0.04112554112554113,0.43827766863130274,0.2,0.2939091272392496,0.0,0,22,231,47,False,3,18,20,42,3.11.9,2.4.4,3.0.2,3.6.1
chb07,chb07_sz01,Baseline,beta2,coherence,chb07_sz01_Baseline_beta2_coherence.npy,0.4055055078929445,0.20346320346320346,0.25365915406963896,0.20795661659230943,5.362622511923772,1.769240166200584,0.37481834986983975,0.0632034632034632,0.5385370643102605,0.2,0.4280461119477182,0.0,0,22,231,47,False,2,20,20,42,3.11.9,2.4.4,3.0.2,3.6.1
chb07,chb07_sz01,Baseline,beta2,wpli,chb07_sz01_Baseline_beta2_wpli.npy,0.23246963667664614,0.20346320346320346,0.15829658686605527,0.1860358435201445,3.8299880886302464,0.7067097397489497,0.12756973142533146,0.02467532467532468,-0.17668468071026866,0.2,0.3716621590050042,0.0,1,22,231,47,False,6,17,20,42,3.11.9,2.4.4,3.0.2,3.6.1
chb07,chb07_sz01,Baseline,delta,aec,chb07_sz01_Baseline_delta_aec.npy,0.5193805932369145,0.20346320346320346,0.32004651421137603,0.2785502263477783,3.911189973414509,1.5897776551061966,0.38055356938149554,0.060606060606060615,0.3190683160592875,0.2,0.5891680066977238,0.0,0,22,231,47,False,3,20,20,42,3.11.9,2.4.4,3.0.2,3.6.1
chb07,chb07_sz01,Baseline,delta,coherence,chb07_sz01_Baseline_delta_coherence.npy,0.4910323074392125,0.20346320346320346,0.2721280327938349,0.24097298756172103,3.4935285685925876,1.4342737450902172,0.3255229415669012,0.03658008658008658,0.10046416989889967,0.2,0.5537967049381143,0.0,0,22,231,47,False,4,18,20,42,3.11.9,2.4.4,3.0.2,3.6.1
chb07,chb07_sz01,Baseline,delta,wpli,chb07_sz01_Baseline_delta_wpli.npy,0.3445290487025004,0.20346320346320346,0.18992311451919147,0.2652671496650349,2.879272039852264,0.5761073439867688,0.13455749237574569,0.02813852813852814,-0.3968575233022647,0.2,0.5502665002178329,0.0,1,22,231,47,False,5,18,20,42,3.11.9,2.4.4,3.0.2,3.6.1
chb07,chb07_sz01,Baseline,theta,aec,chb07_sz01_Baseline_theta_aec.npy,0.38806531838329394,0.20346320346320346,0.20297876977989524,0.23780713580683446,3.798227871464262,1.2772476611365775,0.2668576240912298,0.0380952380952381,0.1703213349882769,0.2,0.4741978063325986,0.0,0,22,231,47,False,3,19,20,42,3.11.9,2.4.4,3.0.2,3.6.1
chb07,chb07_sz01,Baseline,theta,coherence,chb07_sz01_Baseline_theta_coherence.npy,0.4770412267351018,0.20346320346320346,0.28360245978284404,0.2835751746665345,4.047186907409116,1.5246214428939457,0.2924408831740049,0.06277056277056278,0.2697590632740378,0.2,0.530002892044822,0.0,0,22,231,47,False,2,21,20,42,3.11.9,2.4.4,3.0.2,3.6.1
chb07,chb07_sz01,Baseline,theta,wpli,chb07_sz01_Baseline_theta_wpli.npy,0.3383156871640267,0.20346320346320346,0.24030259432985773,0.34454302746757054,3.0188814409864353,0.717832134329994,0.16391994635381307,0.043073593073593076,-0.5546896507909623,0.2,0.5221480344066483,0.0,1,22,231,47,False,2,21,20,42,3.11.9,2.4.4,3.0.2,3.6.1
chb07,chb07_sz01,T0,alpha1,aec,chb07_sz01_T0_alpha1_aec.npy,0.4335438834019639,0.20346320346320346,0.28014489086521327,0.2606249900574087,5.052544559543204,2.1399294443920316,0.4853131397401025,0.08311688311688313,-0.11847286423557422,0.2,0.4766744031447608,0.0,0,22,231,47,True,1,22,20,42,3.11.9,2.4.4,3.0.2,3.6.1
chb07,chb07_sz01,T0,alpha1,coherence,chb07_sz01_T0_alpha1_coherence.npy,0.3884806720963456,0.20346320346320346,0.30942873972352375,0.2328778231203859,5.681571748303195,2.3926973647818253,0.4861545514719111,0.0813852813852814,0.0033087682358253255,0.2,0.40581380891328217,0.0,0,22,231,47,True,1,22,20,42,3.11.9,2.4.4,3.0.2,3.6.1
chb07,chb07_sz01,T0,alpha1,wpli,chb07_sz01_T0_alpha1_wpli.npy,0.10398518485192955,0.20346320346320346,0.07764854911510904,0.11233627221486489,11.050538622336543,0.7419308088625143,0.3554057368907082,0.06623376623376626,-0.02221874511031128,0.2,0.15925226215885602,0.0,1,22,231,47,True,1,22,20,42,3.11.9,2.4.4,3.0.2,3.6.1
chb07,chb07_sz01,T0,alpha2,aec,chb07_sz01_T0_alpha2_aec.npy,0.2939287787919214,0.20346320346320346,0.1865209064893805,0.13732310753913732,3.650792739626607,2.573402352561303,0.4280803506678701,0.025108225108225114,0.6455059710873667,0.2,0.33345796822051327,0.0,0,22,231,47,False,2,12,20,42,3.11.9,2.4.4,3.0.2,3.6.1
chb07,chb07_sz01,T0,alpha2,coherence,chb07_sz01_T0_alpha2_coherence.npy,0.38494826192275367,0.20346320346320346,0.3087581526541748,0.1520267948985963,3.5959407975877133,4.591631681486563,0.5059314985145915,0.021861471861471863,0.4910380881254678,0.2,0.4017491506992603,0.0,0,22,231,47,False,2,12,20,42,3.11.9,2.4.4,3.0.2,3.6.1
chb07,chb07_sz01,T0,alpha2,wpli,chb07_sz01_T0_alpha2_wpli.npy,0.11130232367545037,0.20346320346320346,0.11549706973271298,0.11755653213382719,8.508936065735027,0.6097607829481012,0.2674357246062946,0.044372294372294376,-0.2055551619074616,0.2,0.18256091840595265,0.0,1,22,231,47,False,3,20,20,42,3.11.9,2.4.4,3.0.2,3.6.1
chb07,chb07_sz01,T0,beta1,aec,chb07_sz01_T0_beta1_aec.npy,0.13206179030652998,0.20346320346320346,0.1480192001880366,0.11330856757499595,14.557832279460358,1.4256532547077332,0.4904875099059441,0.11363636363636363,0.4685589015807079,0.2,0.16806797577984756,0.0,0,22,231,47,True,1,22,20,42,3.11.9,2.4.4,3.0.2,3.6.1
chb07,chb07_sz01,T0,beta1,coherence,chb07_sz01_T0_beta1_coherence.npy,0.374697727451292,0.20346320346320346,0.23592904563923603,0.21785707529388118,5.961874078834492,2.2699276213574535,0.4705694070381461,0.0748917748917749,-0.10177244139508115,0.2,0.37800026527444724,0.0,0,22,231,47,True,1,22,20,42,3.11.9,2.4.4,3.0.2,3.6.1
chb07,chb07_sz01,T0,beta1,wpli,chb07_sz01_T0_beta1_wpli.npy,0.06521398243567987,0.20346320346320346,0.1958151874067367,0.07195671364239979,15.578356345689873,1.1284772473582212,0.28013878659527547,0.0577922077922078,-0.1387665198237886,0.2,0.11034975139447095,0.0,1,22,231,47,False,2,21,20,42,3.11.9,2.4.4,3.0.2,3.6.1
chb07,chb07_sz01,T0,beta2,aec,chb07_sz01_T0_beta2_aec.npy,0.09577076155810868,0.20346320346320346,0.08131045825478149,0.10710870981969277,12.907428466115666,1.6065420628073896,0.4689355739142983,0.08506493506493508,0.030674204355109095,0.2,0.1292814193554549,0.025974025974025976,6,22,231,47,True,1,22,20,42,3.11.9,2.4.4,3.0.2,3.6.1
chb07,chb07_sz01,T0,beta2,coherence,chb07_sz01_T0_beta2_coherence.npy,0.3710731499115665,0.20346320346320346,0.1473711948064535,0.22269941443317542,5.581862545993397,1.7543496431730963,0.4297705580880366,0.06796536796536799,0.06388575723412286,0.2,0.3822154327092183,0.0,0,22,231,47,True,1,22,20,42,3.11.9,2.4.4,3.0.2,3.6.1
chb07,chb07_sz01,T0,beta2,wpli,chb07_sz01_T0_beta2_wpli.npy,0.05927405546122349,0.20346320346320346,0.21968955819702993,0.07169353353029025,15.496430722128029,1.1705040090080217,0.34940189203214916,0.05541125541125542,-0.25140373120811454,0.2,0.10497849672753037,0.0,1,22,231,47,False,2,21,20,42,3.11.9,2.4.4,3.0.2,3.6.1
chb07,chb07_sz01,T0,delta,aec,chb07_sz01_T0_delta_aec.npy,0.4296006850809833,0.20346320346320346,0.31798118491740435,0.21349681969880888,4.46467157516231,1.9731220451075848,0.3642325339204082,0.050432900432900434,0.4072268647477557,0.2,0.5003591876002916,0.0,0,22,231,47,False,3,18,20,42,3.11.9,2.4.4,3.0.2,3.6.1
chb07,chb07_sz01,T0,delta,coherence,chb07_sz01_T0_delta_coherence.npy,0.42936382128953904,0.20346320346320346,0.26880946867663486,0.1989794216519852,5.3778723461791555,1.1530610993503736,0.3157704601339977,0.06493506493506494,0.5160470714094677,0.2,0.4828875288616434,0.0,0,22,231,47,False,3,18,20,42,3.11.9,2.4.4,3.0.2,3.6.1
chb07,chb07_sz01,T0,delta,wpli,chb07_sz01_T0_delta_wpli.npy,0.1400831082600663,0.20346320346320346,0.09617401270175444,0.12252597480018433,7.854914747807757,0.4633691261217179,0.1756664405854541,0.043506493506493514,0.045170809215751395,0.2,0.21957900675466063,0.0,1,22,231,47,False,4,19,20,42,3.11.9,2.4.4,3.0.2,3.6.1
chb07,chb07_sz01,T0,theta,aec,chb07_sz01_T0_theta_aec.npy,0.2301903072337861,0.20346320346320346,0.23895668609920143,0.12959069677935656,3.342321552579939,2.959312550074065,0.37678815073752486,0.016233766233766236,0.5364701047873428,0.2,0.3091532070451423,0.0,0,22,231,47,False,3,12,20,42,3.11.9,2.4.4,3.0.2,3.6.1
chb07,chb07_sz01,T0,theta,coherence,chb07_sz01_T0_theta_coherence.npy,0.39932117251702154,0.20346320346320346,0.27001675259917246,0.1658369725239425,2.9451064677864838,2.613864499438778,0.3884374008754345,0.019913419913419914,0.41641833404285467,0.2,0.4307568537948654,0.0,0,22,231,47,False,2,12,20,42,3.11.9,2.4.4,3.0.2,3.6.1
chb07,chb07_sz01,T0,theta,wpli,chb07_sz01_T0_theta_wpli.npy,0.08332833617385102,0.20346320346320346,0.10062693992493316,0.09270850054971404,11.918330537698994,0.8316637711741197,0.36314727746827336,0.05649350649350649,-0.06972707107724987,0.2,0.13309048998813952,0.0,1,22,231,47,False,2,21,20,42,3.11.9,2.4.4,3.0.2,3.6.1
chb07,chb07_sz01,T1,alpha1,aec,chb07_sz01_T1_alpha1_aec.npy,0.44092014974035737,0.20346320346320346,0.22570597090298908,0.25832644894702955,5.242020673457861,1.5441964748875114,0.44938476194669086,0.08896103896103898,0.3503729706011432,0.2,0.4713148977200762,0.0,0,22,231,47,True,1,22,20,42,3.11.9,2.4.4,3.0.2,3.6.1
chb07,chb07_sz01,T1,alpha1,coherence,chb07_sz01_T1_alpha1_coherence.npy,0.4000342810298696,0.20346320346320346,0.25288676951109373,0.24134331922796204,5.285942702472182,2.449558515388405,0.4371450631049861,0.07467532467532469,-0.13095432967752405,0.2,0.42157927045292337,0.0,0,22,231,47,True,1,22,20,42,3.11.9,2.4.4,3.0.2,3.6.1
chb07,chb07_sz01,T1,alpha1,wpli,chb07_sz01_T1_alpha1_wpli.npy,0.12836689532815068,0.20346320346320346,0.17328861478684707,0.13938795182545477,8.837255935472632,1.1009506936612314,0.33271485330133543,0.0632034632034632,-0.26134659404846455,0.2,0.1929500046235686,0.0,1,22,231,47,True,1,22,20,42,3.11.9,2.4.4,3.0.2,3.6.1
chb07,chb07_sz01,T1,alpha2,aec,chb07_sz01_T1_alpha2_aec.npy,0.30453189464776165,0.20346320346320346,0.1434521427663656,0.19965730785632363,6.487217764251631,1.466050018679307,0.43732166351663093,0.0761904761904762,0.45863874345549754,0.2,0.3272837920865953,0.0,0,22,231,47,True,1,22,20,42,3.11.9,2.4.4,3.0.2,3.6.1
chb07,chb07_sz01,T1,alpha2,coherence,chb07_sz01_T1_alpha2_coherence.npy,0.39346075296475597,0.20346320346320346,0.2053185594994849,0.23654201152320553,5.362493993953453,2.267371644431052,0.43071484979147995,0.07251082251082251,0.04350261389096222,0.2,0.4050428537461547,0.0,0,22,231,47,True,1,22,20,42,3.11.9,2.4.4,3.0.2,3.6.1
chb07,chb07_sz01,T1,alpha2,wpli,chb07_sz01_T1_alpha2_wpli.npy,0.11428686153198628,0.20346320346320346,0.3214650785126294,0.12455742213769756,7.685278529281773,1.0416509899291304,0.2353419606367808,0.0380952380952381,-0.5008207637748953,0.2,0.18727483551253707,0.0,1,22,231,47,False,3,20,20,42,3.11.9,2.4.4,3.0.2,3.6.1
chb07,chb07_sz01,T1,beta1,aec,chb07_sz01_T1_beta1_aec.npy,0.15159811694136865,0.20346320346320346,0.10935563628959133,0.13724830860377216,9.824052478995743,1.8065756467890712,0.4936357157325376,0.07813852813852815,0.07278911564626096,0.2,0.19455842810193102,0.0,0,22,231,47,True,1,22,20,42,3.11.9,2.4.4,3.0.2,3.6.1
chb07,chb07_sz01,T1,beta1,coherence,chb07_sz01_T1_beta1_coherence.npy,0.3856026902873575,0.20346320346320346,0.21207803686048088,0.22648336442930375,5.6630118302316195,2.1029262941432156,0.45762141096914755,0.07554112554112555,-0.1077441077441053,0.2,0.39696057056146916,0.0,0,22,231,47,True,1,22,20,42,3.11.9,2.4.4,3.0.2,3.6.1
chb07,chb07_sz01,T1,beta1,wpli,chb07_sz01_T1_beta1_wpli.npy,0.07407087193180714,0.20346320346320346,0.10823121342541374,0.07900270359362149,16.771281437990435,0.7780175363672521,0.3089462059468403,0.0748917748917749,0.08758707319858443,0.2,0.11557942367449929,0.0,1,22,231,47,True,1,22,20,42,3.11.9,2.4.4,3.0.2,3.6.1
chb07,chb07_sz01,T1,beta2,aec,chb07_sz01_T1_beta2_aec.npy,0.14340140834546392,0.20346320346320346,0.11686812475847691,0.13646063628197153,10.092467312644828,1.5425473623858903,0.45242308445906865,0.0829004329004329,0.31513819821903477,0.2,0.1779893356157462,0.0,0,22,231,47,True,1,22,20,42,3.11.9,2.4.4,3.0.2,3.6.1
chb07,chb07_sz01,T1,beta2,coherence,chb07_sz01_T1_beta2_coherence.npy,0.3863889558323651,0.20346320346320346,0.16488268544994464,0.22504974350129806,5.779742279222346,1.433996265946824,0.41743171861718,0.08051948051948052,0.31852198316183483,0.2,0.3931577494230799,0.0,0,22,231,47,True,1,22,20,42,3.11.9,2.4.4,3.0.2,3.6.1
chb07,chb07_sz01,T1,beta2,wpli,chb07_sz01_T1_beta2_wpli.npy,0.07146464579974147,0.20346320346320346,0.11848485166858035,0.08280172023918259,15.698002779855871,0.7945220421013349,0.32883173069338395,0.06861471861471861,0.09857832618025798,0.2,0.1067852378849065,0.0,1,22,231,47,True,1,22,20,42,3.11.9,2.4.4,3.0.2,3.6.1
chb07,chb07_sz01,T1,delta,aec,chb07_sz01_T1_delta_aec.npy,0.45960849619093147,0.20346320346320346,0.32840014061810296,0.1717630842012746,2.5684015149076163,1.9099527616687328,0.25358187262885146,0.010389610389610391,0.4038842647641687,0.2,0.5259306746875334,0.0,0,22,231,47,False,6,13,20,42,3.11.9,2.4.4,3.0.2,3.6.1
chb07,chb07_sz01,T1,delta,coherence,chb07_sz01_T1_delta_coherence.npy,0.45307993382426837,0.20346320346320346,0.31989794670744537,0.20196245491234063,5.196409057218212,0.8718201806081105,0.3116126601747953,0.061904761904761914,0.34666209026943545,0.2,0.5023966664623134,0.0,0,22,231,47,False,4,18,20,42,3.11.9,2.4.4,3.0.2,3.6.1
chb07,chb07_sz01,T1,delta,wpli,chb07_sz01_T1_delta_wpli.npy,0.17498675490461152,0.20346320346320346,0.0670774360404678,0.17707516337316037,5.046212488831708,0.2766054604905645,0.18942291177854326,0.033116883116883114,-0.6188423034988619,0.2,0.27947164556529003,0.0,1,22,231,47,False,4,19,20,42,3.11.9,2.4.4,3.0.2,3.6.1
chb07,chb07_sz01,T1,theta,aec,chb07_sz01_T1_theta_aec.npy,0.25969454866216435,0.20346320346320346,0.20657264567168968,0.1732803107899048,7.732179686556104,1.1177616005210333,0.3865539270713355,0.08636363636363636,0.3314044605183848,0.2,0.3420653169846636,0.0,0,22,231,47,False,2,20,20,42,3.11.9,2.4.4,3.0.2,3.6.1
chb07,chb07_sz01,T1,theta,coherence,chb07_sz01_T1_theta_coherence.npy,0.40986277695747936,0.20346320346320346,0.2584254635188632,0.21072839065940127,5.845313861519833,1.4586763383799857,0.3732300281955568,0.07727272727272728,0.2400309218578883,0.2,0.43810763471112124,0.0,0,22,231,47,False,2,20,20,42,3.11.9,2.4.4,3.0.2,3.6.1
chb07,chb07_sz01,T1,theta,wpli,chb07_sz01_T1_theta_wpli.npy,0.10626583638226132,0.20346320346320346,0.1653799932319447,0.12543692469284254,9.770200993211349,1.34568071260421,0.35484570262238413,0.06147186147186148,-0.36167469050894047,0.2,0.1772367327483047,0.0,1,22,231,47,True,1,22,20,42,3.11.9,2.4.4,3.0.2,3.6.1
chb07,chb07_sz01,T2,alpha1,aec,chb07_sz01_T2_alpha1_aec.npy,0.4413354020515325,0.20346320346320346,0.3004007669769072,0.2689643216017023,4.825155514613197,2.1553654761663417,0.43371705665998944,0.07900432900432902,0.2801448064605944,0.2,0.47883156468682997,0.0,0,22,231,47,True,1,22,20,42,3.11.9,2.4.4,3.0.2,3.6.1
chb07,chb07_sz01,T2,alpha1,coherence,chb07_sz01_T2_alpha1_coherence.npy,0.40894018468561083,0.20346320346320346,0.2817762255204283,0.2519471954682061,5.059760630210624,1.836937955501894,0.42474984524581116,0.07294372294372296,0.19875052943667887,0.2,0.431374680996314,0.0,0,22,231,47,True,1,22,20,42,3.11.9,2.4.4,3.0.2,3.6.1
chb07,chb07_sz01,T2,alpha1,wpli,chb07_sz01_T2_alpha1_wpli.npy,0.11125521888366557,0.20346320346320346,0.1414290892198362,0.12597335102850504,8.73908295641369,1.1721883564523587,0.31967053200705925,0.05151515151515152,-0.1850032743942365,0.2,0.17752699222984003,0.0,1,22,231,47,False,2,21,20,42,3.11.9,2.4.4,3.0.2,3.6.1
chb07,chb07_sz01,T2,alpha2,aec,chb07_sz01_T2_alpha2_aec.npy,0.30023744808218433,0.20346320346320346,0.22219837090482783,0.211286973521284,6.021772694247791,2.487383156863078,0.4701055234443793,0.0683982683982684,-0.21871476888388042,0.2,0.34070070723267,0.0,0,22,231,47,True,1,22,20,42,3.11.9,2.4.4,3.0.2,3.6.1
chb07,chb07_sz01,T2,alpha2,coherence,chb07_sz01_T2_alpha2_coherence.npy,0.3934310640283594,0.20346320346320346,0.22963982577520634,0.24266023458428668,5.152661649769512,2.1430149386052824,0.4146653664062792,0.0683982683982684,-0.08359473023839309,0.2,0.41147291143407,0.0,0,22,231,47,True,1,22,20,42,3.11.9,2.4.4,3.0.2,3.6.1
chb07,chb07_sz01,T2,alpha2,wpli,chb07_sz01_T2_alpha2_wpli.npy,0.10682010026229098,0.20346320346320346,0.11527103967753395,0.12733523243222222,9.382241226500373,0.7509749835073948,0.2972608424989873,0.059956709956709965,-0.3425440130581798,0.2,0.172481548398988,0.0,1,22,231,47,True,1,22,20,42,3.11.9,2.4.4,3.0.2,3.6.1
chb07,chb07_sz01,T2,beta1,aec,chb07_sz01_T2_beta1_aec.npy,0.14803899877560303,0.20346320346320346,0.13370043455152186,0.13630344126472071,10.105483250783786,2.463622966047196,0.5356850171719209,0.08333333333333334,0.19179894179894375,0.2,0.2015550652973018,0.0,0,22,231,47,True,1,22,20,42,3.11.9,2.4.4,3.0.2,3.6.1
chb07,chb07_sz01,T2,beta1,coherence,chb07_sz01_T2_beta1_coherence.npy,0.3850751446876408,0.20346320346320346,0.23182198270580978,0.22450905692736406,5.7193965722325535,2.328300703871195,0.47403085602661243,0.0761904761904762,0.2460317460317466,0.2,0.39600340535461165,0.0,0,22,231,47,True,1,22,20,42,3.11.9,2.4.4,3.0.2,3.6.1
chb07,chb07_sz01,T2,beta1,wpli,chb07_sz01_T2_beta1_wpli.npy,0.07560663759184787,0.20346320346320346,0.16274096625383777,0.08642174725453675,12.361133243636065,1.368118139405866,0.3227970824175813,0.05627705627705629,-0.2895527234353454,0.2,0.11724196462647682,0.0,1,22,231,47,False,2,21,20,42,3.11.9,2.4.4,3.0.2,3.6.1
chb07,chb07_sz01,T2,beta2,aec,chb07_sz01_T2_beta2_aec.npy,0.14978379006468903,0.20346320346320346,0.17590296513531573,0.13107338362091495,10.384176529274344,1.613044931181862,0.4555024072987836,0.08181818181818183,0.21343420449335102,0.2,0.19920586175924224,0.0,0,22,231,47,False,2,21,20,42,3.11.9,2.4.4,3.0.2,3.6.1
chb07,chb07_sz01,T2,beta2,coherence,chb07_sz01_T2_beta2_coherence.npy,0.38669560188122143,0.20346320346320346,0.21461629622135836,0.21461577182941755,5.562888014483683,1.6061723798598966,0.381672879279317,0.06926406926406926,0.3984995586937337,0.2,0.4002397873338544,0.0,0,22,231,47,False,2,21,20,42,3.11.9,2.4.4,3.0.2,3.6.1
chb07,chb07_sz01,T2,beta2,wpli,chb07_sz01_T2_beta2_wpli.npy,0.07070557024430174,0.20346320346320346,0.1911954545462687,0.08159489847490992,14.152386339017607,1.1704316734483018,0.3151090475538841,0.058874458874458885,0.006911532385466625,0.2,0.11886599867103766,0.0,1,22,231,47,False,2,21,20,42,3.11.9,2.4.4,3.0.2,3.6.1
chb07,chb07_sz01,T2,delta,aec,chb07_sz01_T2_delta_aec.npy,0.49688632113564835,0.20346320346320346,0.33045767722720315,0.17256298262762945,2.004503402834012,,0.1814089664299296,0.004978354978354979,0.32172344411295356,0.2,0.5660768247082975,0.0,0,22,231,47,False,8,12,20,42,3.11.9,2.4.4,3.0.2,3.6.1
chb07,chb07_sz01,T2,delta,coherence,chb07_sz01_T2_delta_coherence.npy,0.47543544123678466,0.20346320346320346,0.3040173959715133,0.15948499694913787,2.171514052631231,,0.18396095999700995,0.004978354978354979,0.32172344411295356,0.2,0.5303615728373032,0.0,0,22,231,47,False,8,12,20,42,3.11.9,2.4.4,3.0.2,3.6.1
chb07,chb07_sz01,T2,delta,wpli,chb07_sz01_T2_delta_wpli.npy,0.21173220433641132,0.20346320346320346,0.026545533465047923,0.1598353804668718,4.32596095634037,0.12151915084025351,0.12820707042890633,0.02402597402597403,-0.539745333168503,0.2,0.3230431512855639,0.0,1,22,231,47,False,6,17,20,42,3.11.9,2.4.4,3.0.2,3.6.1
chb07,chb07_sz01,T2,theta,aec,chb07_sz01_T2_theta_aec.npy,0.28548670093851547,0.20346320346320346,0.27805954907082914,0.13807313621619724,2.703178397436371,1.9140534488713767,0.23244156035004637,0.006277056277056279,0.4636744009128937,0.2,0.40690599528462107,0.0,0,22,231,47,False,6,12,20,42,3.11.9,2.4.4,3.0.2,3.6.1
chb07,chb07_sz01,T2,theta,coherence,chb07_sz01_T2_theta_coherence.npy,0.427256996253778,0.20346320346320346,0.2890583386091743,0.14867256893249384,2.691069197588023,2.326293466165156,0.30566783266277575,0.008008658008658008,0.6412870924410802,0.2,0.4650851272838663,0.0,0,22,231,47,False,4,12,20,42,3.11.9,2.4.4,3.0.2,3.6.1
chb07,chb07_sz01,T2,theta,wpli,chb07_sz01_T2_theta_wpli.npy,0.09406556077611665,0.20346320346320346,0.22261525569075846,0.09787819402573993,10.426766449373895,1.3966575060945614,0.32577356368081717,0.05108225108225107,-0.08854365230651877,0.2,0.15080529245285199,0.0,1,22,231,47,False,3,20,20,42,3.11.9,2.4.4,3.0.2,3.6.1
chb07,chb07_sz02,Baseline,alpha1,aec,chb07_sz02_Baseline_alpha1_aec.npy,0.42648533081424983,0.20346320346320346,0.20490942998839434,0.2693097958073911,4.604685230514723,1.9344351290153317,0.40022615048730453,0.0683982683982684,-0.022208607750037357,0.2,0.46082066814808026,0.0,0,22,231,47,True,1,22,20,42,3.11.9,2.4.4,3.0.2,3.6.1
chb07,chb07_sz02,Baseline,alpha1,coherence,chb07_sz02_Baseline_alpha1_coherence.npy,0.38582033993865544,0.20346320346320346,0.25826682659950706,0.22928165157288952,5.669931292031819,2.144118529411364,0.45571181090977086,0.0787878787878788,0.4279308135810381,0.2,0.40043639331732905,0.0,0,22,231,47,True,1,22,20,42,3.11.9,2.4.4,3.0.2,3.6.1
chb07,chb07_sz02,Baseline,alpha1,wpli,chb07_sz02_Baseline_alpha1_wpli.npy,0.12919441352863134,0.20346320346320346,0.17904064175951576,0.12607830463274997,7.8060788837596276,1.081984233341795,0.29644413960277266,0.043722943722943726,-0.1406138472519642,0.2,0.19763841785310032,0.0,1,22,231,47,False,3,20,20,42,3.11.9,2.4.4,3.0.2,3.6.1
chb07,chb07_sz02,Baseline,alpha2,aec,chb07_sz02_Baseline_alpha2_aec.npy,0.27237594064915704,0.20346320346320346,0.20169941753130907,0.18759247800311607,6.968850244391988,2.162128033444092,0.4916613520494613,0.07705627705627706,0.16254326368414135,0.2,0.2983357377529522,0.0,0,22,231,47,True,1,22,20,42,3.11.9,2.4.4,3.0.2,3.6.1
chb07,chb07_sz02,Baseline,alpha2,coherence,chb07_sz02_Baseline_alpha2_coherence.npy,0.37314387996764536,0.20346320346320346,0.2626215653809197,0.2195526567129927,5.966949984849363,2.312908663764503,0.5017069394599002,0.07813852813852813,0.058188824662811105,0.2,0.38125120893552056,0.0,0,22,231,47,True,1,22,20,42,3.11.9,2.4.4,3.0.2,3.6.1
chb07,chb07_sz02,Baseline,alpha2,wpli,chb07_sz02_Baseline_alpha2_wpli.npy,0.08386583844805726,0.20346320346320346,0.09235733998157013,0.09695043356715628,11.148487501777787,0.9170803251002104,0.33325204644357975,0.05476190476190476,-0.011103400416377706,0.2,0.13783628234565778,0.0,1,22,231,47,False,2,21,20,42,3.11.9,2.4.4,3.0.2,3.6.1
chb07,chb07_sz02,Baseline,beta1,aec,chb07_sz02_Baseline_beta1_aec.npy,0.08497868025269327,0.20346320346320346,0.1245168769861049,0.09560518261332504,15.209510214898367,2.667949557674512,0.5896282367325699,0.08896103896103898,-0.12010034493571674,0.2,0.09669326453133723,0.030303030303030304,7,22,231,47,True,1,22,20,42,3.11.9,2.4.4,3.0.2,3.6.1
chb07,chb07_sz02,Baseline,beta1,coherence,chb07_sz02_Baseline_beta1_coherence.npy,0.36912283370601867,0.20346320346320346,0.19753926108481698,0.21537530756532533,6.1034883733103396,2.4563615190360295,0.5031894418176388,0.08008658008658011,-0.25701239399868336,0.2,0.37238065141696514,0.0,0,22,231,47,True,1,22,20,42,3.11.9,2.4.4,3.0.2,3.6.1
chb07,chb07_sz02,Baseline,beta1,wpli,chb07_sz02_Baseline_beta1_wpli.npy,0.0645736543438363,0.20346320346320346,0.09611159253845335,0.07780603381281848,16.09218297897689,0.7270179276874498,0.34145951153870824,0.06774891774891777,-0.06140350877192952,0.2,0.09930548176912218,0.0,1,22,231,47,True,1,22,20,42,3.11.9,2.4.4,3.0.2,3.6.1
chb07,chb07_sz02,Baseline,beta2,aec,chb07_sz02_Baseline_beta2_aec.npy,0.07443478474853053,0.20346320346320346,0.09983527502711408,0.09505278834559996,14.561006655725043,1.2832930989473346,0.4981769548965082,0.07770562770562771,0.21868414891126275,0.2,0.08551055485202816,0.06493506493506493,15,22,231,47,False,2,21,20,42,3.11.9,2.4.4,3.0.2,3.6.1
chb07,chb07_sz02,Baseline,beta2,coherence,chb07_sz02_Baseline_beta2_coherence.npy,0.3739854989714942,0.20346320346320346,0.1602660697603608,0.2169111939340345,5.4232666977483035,1.266247875282395,0.36902943358401696,0.06341991341991342,0.45928582100702225,0.2,0.3777662343203576,0.0,0,22,231,47,False,2,21,20,42,3.11.9,2.4.4,3.0.2,3.6.1
chb07,chb07_sz02,Baseline,beta2,wpli,chb07_sz02_Baseline_beta2_wpli.npy,0.06925355921391689,0.20346320346320346,0.188325630883456,0.08136195230056624,14.904328660681978,1.1446238801605249,0.2764797604888011,0.06255411255411257,-0.1179611650485444,0.2,0.10482154526868567,0.0,1,22,231,47,False,2,21,20,42,3.11.9,2.4.4,3.0.2,3.6.1
chb07,chb07_sz02,Baseline,delta,aec,chb07_sz02_Baseline_delta_aec.npy,0.395813907154537,0.20346320346320346,0.25754860123654166,0.14990558678955385,2.911253893428674,2.7648959101280814,0.42534864678745704,0.009307359307359308,0.5168869309838473,0.2,0.4433043791296293,0.0,0,22,231,47,False,3,12,20,42,3.11.9,2.4.4,3.0.2,3.6.1
chb07,chb07_sz02,Baseline,delta,coherence,chb07_sz02_Baseline_delta_coherence.npy,0.4029125745842605,0.20346320346320346,0.26565209986594085,0.14415590193078381,2.7936421337881763,2.2411346836916066,0.35490774947398196,0.007575757575757578,0.2334831086703275,0.2,0.44811472676167585,0.0,0,22,231,47,False,5,12,20,42,3.11.9,2.4.4,3.0.2,3.6.1
chb07,chb07_sz02,Baseline,delta,wpli,chb07_sz02_Baseline_delta_wpli.npy,0.09862442390631539,0.20346320346320346,0.1444338736611598,0.09604000456618232,9.996208680620013,0.9206753908843138,0.20548522321535112,0.04523809523809525,-0.0009729729729744058,0.2,0.16153633327857658,0.0,1,22,231,47,False,4,19,20,42,3.11.9,2.4.4,3.0.2,3.6.1
chb07,chb07_sz02,Baseline,theta,aec,chb07_sz02_Baseline_theta_aec.npy,0.1920035605779324,0.20346320346320346,0.16466801066416611,0.12833587675907904,7.50473635983258,1.3676819290520381,0.3734092156544916,0.04545454545454546,0.4518950437317773,0.2,0.23484395027475635,0.0,0,22,231,47,False,2,18,20,42,3.11.9,2.4.4,3.0.2,3.6.1
chb07,chb07_sz02,Baseline,theta,coherence,chb07_sz02_Baseline_theta_coherence.npy,0.3928923864924942,0.20346320346320346,0.23452202593376395,0.22276996170650515,6.395205838805871,1.4429165634262315,0.4333896008718676,0.1012987012987013,0.3462631011852277,0.2,0.4121045434560489,0.0,0,22,231,47,True,1,22,20,42,3.11.9,2.4.4,3.0.2,3.6.1
chb07,chb07_sz02,Baseline,theta,wpli,chb07_sz02_Baseline_theta_wpli.npy,0.07990133954205453,0.20346320346320346,0.14507282965476306,0.09687599075234576,12.412325817244716,0.9251423511528105,0.3465013512038281,0.06233766233766235,-0.06704946996466392,0.2,0.12535489179574344,0.0,1,22,231,47,True,1,22,20,42,3.11.9,2.4.4,3.0.2,3.6.1
chb07,chb07_sz02,T0,alpha1,aec,chb07_sz02_T0_alpha1_aec.npy,0.438952693548801,0.20346320346320346,0.3219812145149014,0.2640344499429149,5.367306210920312,2.3588404091386552,0.5604251535856041,0.09437229437229439,0.3363286264441615,0.2,0.47068210400705823,0.0,0,22,231,47,True,1,22,20,42,3.11.9,2.4.4,3.0.2,3.6.1
chb07,chb07_sz02,T0,alpha1,coherence,chb07_sz02_T0_alpha1_coherence.npy,0.40903708539242917,0.20346320346320346,0.24119981809962035,0.2434332487480289,5.74178806541353,1.351998765852855,0.44103003179657563,0.09372294372294374,0.660850834679592,0.2,0.42278174272024366,0.0,0,22,231,47,True,1,22,20,42,3.11.9,2.4.4,3.0.2,3.6.1
chb07,chb07_sz02,T0,alpha1,wpli,chb07_sz02_T0_alpha1_wpli.npy,0.11062948986998673,0.20346320346320346,0.1594757715795766,0.12356711366509344,9.071740532783236,1.2234465036913633,0.3444292483097321,0.05606060606060606,-0.0719622493118355,0.2,0.17746496775760617,0.0,1,22,231,47,False,2,21,20,42,3.11.9,2.4.4,3.0.2,3.6.1
chb07,chb07_sz02,T0,alpha2,aec,chb07_sz02_T0_alpha2_aec.npy,0.3020500882073653,0.20346320346320346,0.3221779872387321,0.16403266221025065,6.568336109665345,2.2619357026350895,0.5339278277280195,0.054978354978354974,0.5366605052372161,0.2,0.331802458750069,0.0,0,22,231,47,False,2,18,20,42,3.11.9,2.4.4,3.0.2,3.6.1
chb07,chb07_sz02,T0,alpha2,coherence,chb07_sz02_T0_alpha2_coherence.npy,0.3976336142586269,0.20346320346320346,0.2707014337411459,0.21300779839366907,7.484485885314326,1.3908969022502626,0.5160001880153693,0.12489177489177491,0.5288373909647183,0.2,0.4097868564787233,0.0,0,22,231,47,True,1,22,20,42,3.11.9,2.4.4,3.0.2,3.6.1
chb07,chb07_sz02,T0,alpha2,wpli,chb07_sz02_T0_alpha2_wpli.npy,0.08268390783482868,0.20346320346320346,0.15944072895115421,0.09049953732302862,13.90078984717254,0.6537195457341265,0.2519828526225398,0.0722943722943723,-0.13894571203776643,0.2,0.1417259496458676,0.0,1,22,231,47,True,1,22,20,42,3.11.9,2.4.4,3.0.2,3.6.1
chb07,chb07_sz02,T0,beta1,aec,chb07_sz02_T0_beta1_aec.npy,0.1429743024245648,0.20346320346320346,0.20953725658215847,0.13792469591653309,10.968820341967188,2.3543248472530762,0.5517044515261058,0.08874458874458876,0.13327745180218062,0.2,0.17386633565942156,0.004329004329004329,1,22,231,47,True,1,22,20,42,3.11.9,2.4.4,3.0.2,3.6.1
chb07,chb07_sz02,T0,beta1,coherence,chb07_sz02_T0_beta1_coherence.npy,0.3859291516463257,0.20346320346320346,0.2266462992956651,0.23934942762713105,5.224998197838362,2.4306519589709237,0.48081458894179907,0.06731601731601733,0.00818897637795416,0.2,0.39210961311167253,0.0,0,22,231,47,True,1,22,20,42,3.11.9,2.4.4,3.0.2,3.6.1
chb07,chb07_sz02,T0,beta1,wpli,chb07_sz02_T0_beta1_wpli.npy,0.07324810906219398,0.20346320346320346,0.184422475050082,0.0825488184676214,12.875314884557792,1.2518725273491378,0.2845988249189072,0.05043290043290045,-0.3150754620993737,0.2,0.11894661939484517,0.0,1,22,231,47,False,2,21,20,42,3.11.9,2.4.4,3.0.2,3.6.1
chb07,chb07_sz02,T0,beta2,aec,chb07_sz02_T0_beta2_aec.npy,0.1296035992750012,0.20346320346320346,0.22419893319385256,0.13511274371876916,10.803122528465428,2.42032164612275,0.574586041523762,0.0816017316017316,0.024871891013621788,0.2,0.17482966917101334,0.0,0,22,231,47,True,1,22,20,42,3.11.9,2.4.4,3.0.2,3.6.1
chb07,chb07_sz02,T0,beta2,coherence,chb07_sz02_T0_beta2_coherence.npy,0.3813840620805405,0.20346320346320346,0.27656730231495,0.22127463011881607,6.2746166799245655,2.4954088316771457,0.5168581649561939,0.08419913419913419,0.2219416386083057,0.2,0.3765547575287565,0.0,0,22,231,47,True,1,22,20,42,3.11.9,2.4.4,3.0.2,3.6.1
chb07,chb07_sz02,T0,beta2,wpli,chb07_sz02_T0_beta2_wpli.npy,0.07183593518776936,0.20346320346320346,0.13424284088516078,0.0895117697444294,13.899209967059559,1.0324851325366025,0.3299064304456989,0.06753246753246753,-0.19438051400076664,0.2,0.11478739089159934,0.0,1,22,231,47,True,1,22,20,42,3.11.9,2.4.4,3.0.2,3.6.1
chb07,chb07_sz02,T0,delta,aec,chb07_sz02_T0_delta_aec.npy,0.4910400047677201,0.20346320346320346,0.39772000555403647,0.19835568386945426,2.564042916784626,1.3960161366769877,0.23439367381609183,0.014285714285714289,0.5079454103570762,0.2,0.5852975642646748,0.0,0,22,231,47,False,8,14,20,42,3.11.9,2.4.4,3.0.2,3.6.1
chb07,chb07_sz02,T0,delta,coherence,chb07_sz02_T0_delta_coherence.npy,0.4883609536504744,0.20346320346320346,0.346029410928019,0.20118108611413454,2.9733012965056935,1.2555295177464396,0.2223247183114549,0.0196969696969697,0.2717309145880566,0.2,0.543754031665151,0.0,0,22,231,47,False,7,15,20,42,3.11.9,2.4.4,3.0.2,3.6.1
chb07,chb07_sz02,T0,delta,wpli,chb07_sz02_T0_delta_wpli.npy,0.16278224776342762,0.20346320346320346,0.06402917987477204,0.14939844905618796,5.208513790992794,0.344161346465857,0.18684577309711872,0.02943722943722944,-0.19500448028674036,0.2,0.28299948691529836,0.0,1,22,231,47,False,5,18,20,42,3.11.9,2.4.4,3.0.2,3.6.1
chb07,chb07_sz02,T0,theta,aec,chb07_sz02_T0_theta_aec.npy,0.28616923749484346,0.20346320346320346,0.3290275855268225,0.15604468488580348,3.4048297831924526,1.4217506332562133,0.27383304144822485,0.014935064935064938,0.5256375597008218,0.2,0.38924772483621406,0.0,0,22,231,47,False,8,14,20,42,3.11.9,2.4.4,3.0.2,3.6.1
chb07,chb07_sz02,T0,theta,coherence,chb07_sz02_T0_theta_coherence.npy,0.4397563622355761,0.20346320346320346,0.3345557159337009,0.17403540995191635,3.1142546705106593,2.0795215369708124,0.3598447851259706,0.01645021645021645,0.6117468738158383,0.2,0.4898147869968015,0.0,0,22,231,47,False,5,14,20,42,3.11.9,2.4.4,3.0.2,3.6.1
chb07,chb07_sz02,T0,theta,wpli,chb07_sz02_T0_theta_wpli.npy,0.08537422362143977,0.20346320346320346,0.3147912133119066,0.09689215859127631,11.234303505870708,1.400370890501786,0.2965989857934805,0.05194805194805196,-0.2892246019078735,0.2,0.13581538474375945,0.0,1,22,231,47,False,2,21,20,42,3.11.9,2.4.4,3.0.2,3.6.1
chb07,chb07_sz02,T1,alpha1,aec,chb07_sz02_T1_alpha1_aec.npy,0.4323910504472723,0.20346320346320346,0.2984926444037501,0.2739324623709066,4.869944287479223,2.1174389583494677,0.500799811635113,0.07857142857142858,-0.015432098765433496,0.2,0.468469686898013,0.0,0,22,231,47,True,1,22,20,42,3.11.9,2.4.4,3.0.2,3.6.1
chb07,chb07_sz02,T1,alpha1,coherence,chb07_sz02_T1_alpha1_coherence.npy,0.4037527314347663,0.20346320346320346,0.27848550096804736,0.21943182477315382,5.2470128270385565,1.7264479206504437,0.4471564494887492,0.06385281385281384,0.519727504967357,0.2,0.4270412560770236,0.0,0,22,231,47,False,2,20,20,42,3.11.9,2.4.4,3.0.2,3.6.1
chb07,chb07_sz02,T1,alpha1,wpli,chb07_sz02_T1_alpha1_wpli.npy,0.11018951783430946,0.20346320346320346,0.14487849139486988,0.13346479379006299,9.685481644466185,1.4128691264152657,0.3418405488323887,0.07467532467532467,-0.20304080061586036,0.2,0.18145120796801328,0.0,1,22,231,47,True,1,22,20,42,3.11.9,2.4.4,3.0.2,3.6.1
chb07,chb07_sz02,T1,alpha2,aec,chb07_sz02_T1_alpha2_aec.npy,0.2961664114587165,0.20346320346320346,0.33986070333252977,0.19561340255463214,7.571603065893932,2.2937968018825696,0.5587445792010368,0.09415584415584416,0.29142924976258155,0.2,0.31725888652319983,0.0,0,22,231,47,True,1,22,20,42,3.11.9,2.4.4,3.0.2,3.6.1
chb07,chb07_sz02,T1,alpha2,coherence,chb07_sz02_T1_alpha2_coherence.npy,0.39071627443136053,0.20346320346320346,0.32863451908285407,0.19140871795533645,5.018695625316029,2.5294542209139,0.49281859810966083,0.045021645021645025,0.4164106502816171,0.2,0.40086758645880755,0.0,0,22,231,47,False,2,18,20,42,3.11.9,2.4.4,3.0.2,3.6.1
chb07,chb07_sz02,T1,alpha2,wpli,chb07_sz02_T1_alpha2_wpli.npy,0.08398863776024246,0.20346320346320346,0.09471631059007986,0.10292413235413488,11.718118699132571,0.7364415232407309,0.32832360918355885,0.061471861471861476,-0.2610034854502711,0.2,0.13020807980895463,0.0,1,22,231,47,True,1,22,20,42,3.11.9,2.4.4,3.0.2,3.6.1
chb07,chb07_sz02,T1,beta1,aec,chb07_sz02_T1_beta1_aec.npy,0.1329159781309296,0.20346320346320346,0.23628600491412574,0.12455322210180238,13.678596210073616,2.110306558659039,0.5832893997743616,0.0974025974025974,0.3608340888485959,0.2,0.16036800593433082,0.004329004329004329,1,22,231,47,True,1,22,20,42,3.11.9,2.4.4,3.0.2,3.6.1
chb07,chb07_sz02,T1,beta1,coherence,chb07_sz02_T1_beta1_coherence.npy,0.3800034934099973,0.20346320346320346,0.26310892284376575,0.22754767087006844,5.783075683114361,2.4959055975327136,0.5240216017168159,0.07770562770562771,0.24693685202639146,0.2,0.379646702937059,0.0,0,22,231,47,True,1,22,20,42,3.11.9,2.4.4,3.0.2,3.6.1
chb07,chb07_sz02,T1,beta1,wpli,chb07_sz02_T1_beta1_wpli.npy,0.07144818413587296,0.20346320346320346,0.10381504054897615,0.09310070779514704,14.276881143981125,0.842201961048161,0.3545200263929154,0.0787878787878788,0.11241479494915559,0.2,0.10909579834831923,0.0,1,22,231,47,True,1,22,20,42,3.11.9,2.4.4,3.0.2,3.6.1
chb07,chb07_sz02,T1,beta2,aec,chb07_sz02_T1_beta2_aec.npy,0.11818805944312462,0.20346320346320346,0.2571431389189334,0.12236945664823184,14.265072430880512,1.866299680179439,0.5975194284227741,0.1051948051948052,0.26036251229450624,0.2,0.15755515115144927,0.012987012987012988,3,22,231,47,True,1,22,20,42,3.11.9,2.4.4,3.0.2,3.6.1
chb07,chb07_sz02,T1,beta2,coherence,chb07_sz02_T1_beta2_coherence.npy,0.38048837892188153,0.20346320346320346,0.37399869431949884,0.20785256378572764,7.483594489153148,2.2763491133849065,0.5383816410779629,0.1116883116883117,0.17595491546649958,0.2,0.3810667855061255,0.0,0,22,231,47,True,1,22,20,42,3.11.9,2.4.4,3.0.2,3.6.1
chb07,chb07_sz02,T1,beta2,wpli,chb07_sz02_T1_beta2_wpli.npy,0.08759344480008033,0.20346320346320346,0.11825606487971685,0.10317110493349849,14.300018508232771,0.6706370569402034,0.28832022575671423,0.0787878787878788,-0.22327451113988003,0.2,0.13746475414032472,0.0,1,22,231,47,True,1,22,20,42,3.11.9,2.4.4,3.0.2,3.6.1
chb07,chb07_sz02,T1,delta,aec,chb07_sz02_T1_delta_aec.npy,0.5043356192478782,0.20346320346320346,0.39439954034719327,0.20042329994312744,2.6760027365742705,1.212754196635984,0.1738729868061319,0.017316017316017316,0.5324607329842901,0.2,0.6033280424081381,0.0,0,22,231,47,False,8,14,20,42,3.11.9,2.4.4,3.0.2,3.6.1
chb07,chb07_sz02,T1,delta,coherence,chb07_sz02_T1_delta_coherence.npy,0.49059279283192825,0.20346320346320346,0.36698431244157403,0.2094533049142238,2.7804011622232983,1.4512867600810528,0.26388424035523805,0.01796536796536797,0.46434833430742295,0.2,0.5659838735173646,0.0,0,22,231,47,False,7,15,20,42,3.11.9,2.4.4,3.0.2,3.6.1
chb07,chb07_sz02,T1,delta,wpli,chb07_sz02_T1_delta_wpli.npy,0.13866634640917333,0.20346320346320346,0.12413175611944784,0.15314329639789398,6.557970870332806,0.6523344488997379,0.19710085503136723,0.044372294372294376,-0.2835650040883085,0.2,0.22971429653659003,0.0,1,22,231,47,False,3,20,20,42,3.11.9,2.4.4,3.0.2,3.6.1
chb07,chb07_sz02,T1,theta,aec,chb07_sz02_T1_theta_aec.npy,0.2930835645162553,0.20346320346320346,0.32921886403422274,0.16242878866782967,3.2416703056243277,1.401993674389559,0.2773320492318254,0.01363636363636364,0.4362622036262192,0.2,0.3894589321696476,0.0,0,22,231,47,False,8,14,20,42,3.11.9,2.4.4,3.0.2,3.6.1
chb07,chb07_sz02,T1,theta,coherence,chb07_sz02_T1_theta_coherence.npy,0.43307438510914803,0.20346320346320346,0.35394050292508955,0.1747347682927369,3.27207015229776,1.871364567899419,0.3920204725888793,0.0183982683982684,0.7187454938716653,0.2,0.46291523628424347,0.0,0,22,231,47,False,4,14,20,42,3.11.9,2.4.4,3.0.2,3.6.1
chb07,chb07_sz02,T1,theta,wpli,chb07_sz02_T1_theta_wpli.npy,0.09638630602988996,0.20346320346320346,0.19266869290609553,0.0858759502228797,15.507385358415018,0.4977600903630204,0.22366848169450262,0.08571428571428573,0.036299421171391705,0.2,0.15508612110515668,0.0,1,22,231,47,False,3,20,20,42,3.11.9,2.4.4,3.0.2,3.6.1
chb07,chb07_sz02,T2,alpha1,aec,chb07_sz02_T2_alpha1_aec.npy,0.43115968918419056,0.20346320346320346,0.33351258533737443,0.2743520425785676,4.765397352481942,2.810792354971447,0.47927946683903305,0.07510822510822511,-0.0003941663381935939,0.2,0.4603827832156646,0.0,0,22,231,47,True,1,22,20,42,3.11.9,2.4.4,3.0.2,3.6.1
chb07,chb07_sz02,T2,alpha1,coherence,chb07_sz02_T2_alpha1_coherence.npy,0.40434621523943254,0.20346320346320346,0.3232532033583753,0.23599069345993826,5.9955896694538575,2.5608622082833103,0.5098000929484141,0.09220779220779222,0.06496142915144275,0.2,0.41870463352054266,0.0,0,22,231,47,True,1,22,20,42,3.11.9,2.4.4,3.0.2,3.6.1
chb07,chb07_sz02,T2,alpha1,wpli,chb07_sz02_T2_alpha1_wpli.npy,0.1241119348879537,0.20346320346320346,0.1793955590180084,0.12736241905939902,7.8545609784011585,0.9653833202119975,0.21756924396913038,0.043506493506493514,-0.18905718362418975,0.2,0.20743818711348141,0.0,1,22,231,47,False,3,20,20,42,3.11.9,2.4.4,3.0.2,3.6.1
chb07,chb07_sz02,T2,alpha2,aec,chb07_sz02_T2_alpha2_aec.npy,0.30688876331365417,0.20346320346320346,0.2682055694517983,0.21890668425786639,5.959352213755595,2.872057649618643,0.5098335307751017,0.07034632034632035,0.1922663802363059,0.2,0.332925235873644,0.0,0,22,231,47,True,1,22,20,42,3.11.9,2.4.4,3.0.2,3.6.1
chb07,chb07_sz02,T2,alpha2,coherence,chb07_sz02_T2_alpha2_coherence.npy,0.39736076717581964,0.20346320346320346,0.2619283447118954,0.22855750572008193,6.299516929220263,1.435091026746655,0.5042116127415808,0.09242424242424242,0.22950819672131215,0.2,0.4044270531030236,0.0,0,22,231,47,True,1,22,20,42,3.11.9,2.4.4,3.0.2,3.6.1
chb07,chb07_sz02,T2,alpha2,wpli,chb07_sz02_T2_alpha2_wpli.npy,0.12961877068638675,0.20346320346320346,0.08957193110047144,0.13429458873805275,9.033999243424907,0.9044413769571581,0.29338391592241037,0.061038961038961045,-0.3693827160493845,0.2,0.19458175212128004,0.0,1,22,231,47,True,1,22,20,42,3.11.9,2.4.4,3.0.2,3.6.1
chb07,chb07_sz02,T2,beta1,aec,chb07_sz02_T2_beta1_aec.npy,0.1473400093853096,0.20346320346320346,0.20690595610179055,0.13240065057036737,12.39342737162198,2.089455318425016,0.524801746015145,0.09567099567099567,0.14094592048238175,0.2,0.1716635834078103,0.0,0,22,231,47,True,1,22,20,42,3.11.9,2.4.4,3.0.2,3.6.1
chb07,chb07_sz02,T2,beta1,coherence,chb07_sz02_T2_beta1_coherence.npy,0.38887953174136675,0.20346320346320346,0.2925673981218916,0.23114539572289536,5.785939610133628,2.4400862805626216,0.5010610936632854,0.07597402597402597,-0.05442176870748348,0.2,0.39329124041514335,0.0,0,22,231,47,True,1,22,20,42,3.11.9,2.4.4,3.0.2,3.6.1
chb07,chb07_sz02,T2,beta1,wpli,chb07_sz02_T2_beta1_wpli.npy,0.07654254877336379,0.20346320346320346,0.0908356325596985,0.08255550876276765,12.738078271109778,0.6937055953496191,0.31833707433438496,0.048917748917748916,0.12431902375245163,0.2,0.12175699103892781,0.0,1,22,231,47,False,3,20,20,42,3.11.9,2.4.4,3.0.2,3.6.1
chb07,chb07_sz02,T2,beta2,aec,chb07_sz02_T2_beta2_aec.npy,0.13285241798805666,0.20346320346320346,0.21660323607298124,0.1260843347866454,11.584132391882079,2.1763250648484322,0.5057553388787429,0.08614718614718617,0.019789074534897918,0.2,0.16989060264751915,0.0,0,22,231,47,False,2,21,20,42,3.11.9,2.4.4,3.0.2,3.6.1
chb07,chb07_sz02,T2,beta2,coherence,chb07_sz02_T2_beta2_coherence.npy,0.38516334409531605,0.20346320346320346,0.28670887218967306,0.2248853168207355,6.098668015279996,1.8427590601724895,0.46287494385291483,0.0813852813852814,0.10756390193009818,0.2,0.38923864641181677,0.0,0,22,231,47,True,1,22,20,42,3.11.9,2.4.4,3.0.2,3.6.1
chb07,chb07_sz02,T2,beta2,wpli,chb07_sz02_T2_beta2_wpli.npy,0.073911208797409,0.20346320346320346,0.2165374105623809,0.08047855736705613,12.508044810731079,1.1502505887318826,0.297634226893476,0.042857142857142864,-0.36520693583090913,0.2,0.12065179756204245,0.0,1,22,231,47,False,3,20,20,42,3.11.9,2.4.4,3.0.2,3.6.1
chb07,chb07_sz02,T2,delta,aec,chb07_sz02_T2_delta_aec.npy,0.4974339440472315,0.20346320346320346,0.3721017301428711,0.2159705899200112,2.670654175366993,1.4958104279073519,0.26949775733456177,0.017965367965367966,0.35431062849621664,0.2,0.5951793897762823,0.0,0,22,231,47,False,7,15,20,42,3.11.9,2.4.4,3.0.2,3.6.1
chb07,chb07_sz02,T2,delta,coherence,chb07_sz02_T2_delta_coherence.npy,0.4981196835517195,0.20346320346320346,0.3740772543343848,0.20851233301657113,2.927203155530191,1.31325128660018,0.2669724915002593,0.021212121212121217,0.4044487294263487,0.2,0.5690403291674724,0.0,0,22,231,47,False,6,15,20,42,3.11.9,2.4.4,3.0.2,3.6.1
chb07,chb07_sz02,T2,delta,wpli,chb07_sz02_T2_delta_wpli.npy,0.13570624794778127,0.20346320346320346,0.1726971573894667,0.15137887099650418,7.20734983658082,0.813575691614086,0.2519805616592947,0.05411255411255412,-0.32001015744032596,0.2,0.21642742906138945,0.0,1,22,231,47,False,2,21,20,42,3.11.9,2.4.4,3.0.2,3.6.1
chb07,chb07_sz02,T2,theta,aec,chb07_sz02_T2_theta_aec.npy,0.2843861546205169,0.20346320346320346,0.3376487477503715,0.15854826858932483,3.3449369765483707,1.9098674530046866,0.32603973122848795,0.015151515151515154,0.5859030837004406,0.2,0.3691008353271378,0.0,0,22,231,47,False,7,14,20,42,3.11.9,2.4.4,3.0.2,3.6.1
chb07,chb07_sz02,T2,theta,coherence,chb07_sz02_T2_theta_coherence.npy,0.42969050391743807,0.20346320346320346,0.3271788214374738,0.20593890696228218,4.983542963992375,1.3352532421034542,0.37317112495433,0.05606060606060606,0.6277227722772271,0.2,0.47043164847211133,0.0,0,22,231,47,False,4,18,20,42,3.11.9,2.4.4,3.0.2,3.6.1
chb07,chb07_sz02,T2,theta,wpli,chb07_sz02_T2_theta_wpli.npy,0.1148502923299141,0.20346320346320346,0.1506412860590087,0.12249650636804595,10.047925138793897,1.2156144742049644,0.34664205160700373,0.06666666666666668,0.012736431898108826,0.2,0.1727643701124626,0.0,1,22,231,47,True,1,22,20,42,3.11.9,2.4.4,3.0.2,3.6.1
chb07,chb07_sz03,Baseline,alpha1,aec,chb07_sz03_Baseline_alpha1_aec.npy,0.46521129447751186,0.20346320346320346,0.38412949981781713,0.2584015755652311,4.938023415193462,1.4359120544387574,0.38963768996537357,0.08268398268398268,0.22080804125057008,0.2,0.5297712974221039,0.0,0,22,231,47,False,2,21,20,42,3.11.9,2.4.4,3.0.2,3.6.1
chb07,chb07_sz03,Baseline,alpha1,coherence,chb07_sz03_Baseline_alpha1_coherence.npy,0.405107958895425,0.20346320346320346,0.2545637188146587,0.2482626052897454,5.414700201395739,1.932892800333636,0.43526343435289,0.08701298701298701,0.3673519334312285,0.2,0.44346051349728655,0.0,0,22,231,47,True,1,22,20,42,3.11.9,2.4.4,3.0.2,3.6.1
chb07,chb07_sz03,Baseline,alpha1,wpli,chb07_sz03_Baseline_alpha1_wpli.npy,0.17146419826885906,0.20346320346320346,0.2328255145565694,0.15554890324820544,5.649047487027187,0.9877804792520355,0.2311183161522345,0.03658008658008658,-0.2758639910813821,0.2,0.27466738940546215,0.0,1,22,231,47,False,4,19,20,42,3.11.9,2.4.4,3.0.2,3.6.1
chb07,chb07_sz03,Baseline,alpha2,aec,chb07_sz03_Baseline_alpha2_aec.npy,0.2805980818050906,0.20346320346320346,0.19710467770632825,0.19540644816092165,6.375452510380081,2.3299826364961764,0.47876822461399826,0.06471861471861473,-0.2684793554884202,0.2,0.30553144675106103,0.0,0,22,231,47,True,1,22,20,42,3.11.9,2.4.4,3.0.2,3.6.1
chb07,chb07_sz03,Baseline,alpha2,coherence,chb07_sz03_Baseline_alpha2_coherence.npy,0.3825307222989843,0.20346320346320346,0.22247710800832518,0.22836403844375486,5.842618321666948,2.0994607118053765,0.44402610172224155,0.08311688311688312,-0.0788423153692621,0.2,0.40317728763126776,0.0,0,22,231,47,True,1,22,20,42,3.11.9,2.4.4,3.0.2,3.6.1
chb07,chb07_sz03,Baseline,alpha2,wpli,chb07_sz03_Baseline_alpha2_wpli.npy,0.09665219438945227,0.20346320346320346,0.20744096193903394,0.10555668469916621,10.439320409940237,1.5798636858670485,0.3480767004631048,0.05519480519480521,0.05169531996179432,0.2,0.14562176927474096,0.0,1,22,231,47,False,2,21,20,42,3.11.9,2.4.4,3.0.2,3.6.1
chb07,chb07_sz03,Baseline,beta1,aec,chb07_sz03_Baseline_beta1_aec.npy,0.1043791087585466,0.20346320346320346,0.08938751417007182,0.10818119291631755,12.557873502687825,1.8127054372293987,0.4981628852042226,0.0787878787878788,0.458525345622121,0.2,0.12598763133778706,0.008658008658008658,2,22,231,47,True,1,22,20,42,3.11.9,2.4.4,3.0.2,3.6.1
chb07,chb07_sz03,Baseline,beta1,coherence,chb07_sz03_Baseline_beta1_coherence.npy,0.38196645957425635,0.20346320346320346,0.19284353099768115,0.22644611754702476,5.596764255135744,1.5006995849225497,0.3564486272550086,0.0761904761904762,0.2933165394001416,0.2,0.39163944759109626,0.0,0,22,231,47,True,1,22,20,42,3.11.9,2.4.4,3.0.2,3.6.1
chb07,chb07_sz03,Baseline,beta1,wpli,chb07_sz03_Baseline_beta1_wpli.npy,0.15011046186643848,0.20346320346320346,0.1156674574860655,0.17687849542040168,5.531568531078875,0.5815329696879817,0.14090841252560424,0.045021645021645025,-0.44395096167963694,0.2,0.2376901918041941,0.0,1,22,231,47,False,3,20,20,42,3.11.9,2.4.4,3.0.2,3.6.1
chb07,chb07_sz03,Baseline,beta2,aec,chb07_sz03_Baseline_beta2_aec.npy,0.08465381180488253,0.20346320346320346,0.08233813296410765,0.08750554314636452,13.222859055388192,2.0272034262581053,0.49953756233348784,0.05476190476190477,0.06000000000000017,0.2,0.10629015083997287,0.021645021645021644,5,22,231,47,False,2,20,20,42,3.11.9,2.4.4,3.0.2,3.6.1
chb07,chb07_sz03,Baseline,beta2,coherence,chb07_sz03_Baseline_beta2_coherence.npy,0.3724199114903026,0.20346320346320346,0.19925680075361782,0.19326907720008832,5.526224177573426,1.6692878485448357,0.40479786158738923,0.05497835497835499,0.24779249448123616,0.2,0.37636310484444124,0.0,0,22,231,47,False,2,20,20,42,3.11.9,2.4.4,3.0.2,3.6.1
chb07,chb07_sz03,Baseline,beta2,wpli,chb07_sz03_Baseline_beta2_wpli.npy,0.06595905249750916,0.20346320346320346,0.14008018705241368,0.06789280886666978,15.569691222349466,1.0037931935440427,0.23503426937730132,0.04826839826839828,-0.08463992398018179,0.2,0.0991521185204633,0.0,1,22,231,47,False,3,20,20,42,3.11.9,2.4.4,3.0.2,3.6.1
chb07,chb07_sz03,Baseline,delta,aec,chb07_sz03_Baseline_delta_aec.npy,0.42033883657279586,0.20346320346320346,0.26986278156129107,0.1535199934257825,2.8151832524607765,2.3132120471438844,0.36176390466908903,0.011038961038961041,0.6673941798941793,0.2,0.47968830100513515,0.0,0,22,231,47,False,3,12,20,42,3.11.9,2.4.4,3.0.2,3.6.1
chb07,chb07_sz03,Baseline,delta,coherence,chb07_sz03_Baseline_delta_coherence.npy,0.409524816042901,0.20346320346320346,0.21405379981863074,0.21420281291850188,6.57356839043076,0.9468144174126277,0.41606515420167445,0.10324675324675324,0.5397170837867249,0.2,0.4487373602929947,0.0,0,22,231,47,False,2,21,20,42,3.11.9,2.4.4,3.0.2,3.6.1
chb07,chb07_sz03,Baseline,delta,wpli,chb07_sz03_Baseline_delta_wpli.npy,0.15809060937736782,0.20346320346320346,0.13511056736229046,0.138866451551253,6.775763700195437,0.6609853458631132,0.20766605782727385,0.042857142857142864,0.023625254582483424,0.2,0.24623958251310973,0.0,1,22,231,47,False,4,19,20,42,3.11.9,2.4.4,3.0.2,3.6.1
chb07,chb07_sz03,Baseline,theta,aec,chb07_sz03_Baseline_theta_aec.npy,0.20084539491223133,0.20346320346320346,0.21606219451268724,0.16007825227437372,8.9246230396879,1.9136570977685854,0.4434372937086349,0.08961038961038963,0.22219650503413876,0.2,0.23939127137743693,0.0,0,22,231,47,True,1,22,20,42,3.11.9,2.4.4,3.0.2,3.6.1
chb07,chb07_sz03,Baseline,theta,coherence,chb07_sz03_Baseline_theta_coherence.npy,0.39675639417925257,0.20346320346320346,0.32771888422210266,0.23673155657477754,5.527393398384182,2.3725646261613678,0.4786594770796436,0.07857142857142857,-0.137355146557602,0.2,0.41346786756753595,0.0,0,22,231,47,True,1,22,20,42,3.11.9,2.4.4,3.0.2,3.6.1
chb07,chb07_sz03,Baseline,theta,wpli,chb07_sz03_Baseline_theta_wpli.npy,0.088951986479532,0.20346320346320346,0.12401334847460829,0.09922924638112804,11.87151607205917,0.818360406408161,0.3280199691701085,0.05822510822510822,-0.1286380992787452,0.2,0.14113331948171723,0.0,1,22,231,47,True,1,22,20,42,3.11.9,2.4.4,3.0.2,3.6.1
chb07,chb07_sz03,T0,alpha1,aec,chb07_sz03_T0_alpha1_aec.npy,0.4344648712904402,0.20346320346320346,0.2849102241188836,0.2693302303733463,4.873066287988953,1.9870264094490866,0.4676309554169111,0.0787878787878788,0.19217756123968102,0.2,0.48496619069490254,0.0,0,22,231,47,True,1,22,20,42,3.11.9,2.4.4,3.0.2,3.6.1
chb07,chb07_sz03,T0,alpha1,coherence,chb07_sz03_T0_alpha1_coherence.npy,0.40609684580825106,0.20346320346320346,0.23029686187908088,0.2271715186155051,5.528293993083381,1.495941301384202,0.43532405694577947,0.07922077922077922,0.19775187343880155,0.2,0.43657685820793235,0.0,0,22,231,47,False,2,21,20,42,3.11.9,2.4.4,3.0.2,3.6.1
chb07,chb07_sz03,T0,alpha1,wpli,chb07_sz03_T0_alpha1_wpli.npy,0.1352207254581486,0.20346320346320346,0.11391108763852466,0.14400317198669874,6.8197543697770255,0.7973370187639649,0.3100569482817842,0.041341991341991347,-0.3165961945031704,0.2,0.21737503342307596,0.0,1,22,231,47,False,3,20,20,42,3.11.9,2.4.4,3.0.2,3.6.1
chb07,chb07_sz03,T0,alpha2,aec,chb07_sz03_T0_alpha2_aec.npy,0.2888395626613989,0.20346320346320346,0.25970316979015995,0.1973587833127215,7.182651141276189,1.7610412462407619,0.46040520346587765,0.08831168831168833,-0.03624435362443547,0.2,0.33268958599204207,0.0,0,22,231,47,True,1,22,20,42,3.11.9,2.4.4,3.0.2,3.6.1
chb07,chb07_sz03,T0,alpha2,coherence,chb07_sz03_T0_alpha2_coherence.npy,0.3955509553340884,0.20346320346320346,0.24874351927708085,0.2131802092092629,5.961172051959289,1.9667106637641865,0.4867201167864043,0.07987012987012987,-0.027322404371582145,0.2,0.4109533394829417,0.0,0,22,231,47,False,2,21,20,42,3.11.9,2.4.4,3.0.2,3.6.1
chb07,chb07_sz03,T0,alpha2,wpli,chb07_sz03_T0_alpha2_wpli.npy,0.09266051153767649,0.20346320346320346,0.1448286510336182,0.10055453062323833,9.774269889311718,0.9482667949946383,0.2551354731498349,0.04220779220779221,-0.19092259142379775,0.2,0.1521472458815028,0.0,1,22,231,47,False,3,20,20,42,3.11.9,2.4.4,3.0.2,3.6.1
chb07,chb07_sz03,T0,beta1,aec,chb07_sz03_T0_beta1_aec.npy,0.13425906634340345,0.20346320346320346,0.23087324234462134,0.10880540128163016,9.946620562716138,3.120056098811007,0.5838001382907676,0.044372294372294376,0.30963572267920225,0.2,0.16051636373097983,0.0,0,22,231,47,False,2,18,20,42,3.11.9,2.4.4,3.0.2,3.6.1
chb07,chb07_sz03,T0,beta1,coherence,chb07_sz03_T0_beta1_coherence.npy,0.38259348841956176,0.20346320346320346,0.26314013709710005,0.22649609338625462,5.694839422945685,2.8209854325404584,0.5112810747545526,0.07337662337662337,0.19763624425476084,0.2,0.3863249776418288,0.0,0,22,231,47,True,1,22,20,42,3.11.9,2.4.4,3.0.2,3.6.1
chb07,chb07_sz03,T0,beta1,wpli,chb07_sz03_T0_beta1_wpli.npy,0.07426997241337319,0.20346320346320346,0.15306358713761653,0.08356171319170337,14.643453401497936,0.9532776031886742,0.2716381849962518,0.06341991341991343,-0.06849116710107128,0.2,0.1125602928733578,0.0,1,22,231,47,False,2,21,20,42,3.11.9,2.4.4,3.0.2,3.6.1
chb07,chb07_sz03,T0,beta2,aec,chb07_sz03_T0_beta2_aec.npy,0.11155503639157588,0.20346320346320346,0.30392326832689004,0.08673374799935119,9.109813663224642,4.190361974381647,0.666367959356021,0.021645021645021648,0.6718204488778061,0.2,0.14686797293330978,0.05627705627705628,13,22,231,47,False,3,14,20,42,3.11.9,2.4.4,3.0.2,3.6.1
chb07,chb07_sz03,T0,beta2,coherence,chb07_sz03_T0_beta2_coherence.npy,0.38140307430518716,0.20346320346320346,0.29091097295043683,0.22553761473159004,5.95979672455698,2.5323402505460497,0.5384308811320284,0.08116883116883117,0.07327471356248434,0.2,0.3802167806348489,0.0,0,22,231,47,True,1,22,20,42,3.11.9,2.4.4,3.0.2,3.6.1
chb07,chb07_sz03,T0,beta2,wpli,chb07_sz03_T0_beta2_wpli.npy,0.07397508903607192,0.20346320346320346,0.3155715677321972,0.09131048976501004,11.834718361960865,1.4444063373377585,0.3680920848874527,0.049134199134199134,-0.37492634570725547,0.2,0.12224309676898834,0.0,1,22,231,47,False,2,21,20,42,3.11.9,2.4.4,3.0.2,3.6.1
chb07,chb07_sz03,T0,delta,aec,chb07_sz03_T0_delta_aec.npy,0.4829541523251053,0.20346320346320346,0.3218572238887431,0.18105082960068086,2.302419179793076,,0.15818698258338854,0.008441558441558443,0.19085904046141539,0.2,0.5598740481738201,0.0,0,22,231,47,False,9,13,20,42,3.11.9,2.4.4,3.0.2,3.6.1
chb07,chb07_sz03,T0,delta,coherence,chb07_sz03_T0_delta_coherence.npy,0.46411327557728455,0.20346320346320346,0.2550752341386862,0.19314559104340526,3.105471071603367,1.2123818113825873,0.24718313679908208,0.018831168831168834,0.47503700713228586,0.2,0.5296647365450915,0.0,0,22,231,47,False,6,15,20,42,3.11.9,2.4.4,3.0.2,3.6.1
chb07,chb07_sz03,T0,delta,wpli,chb07_sz03_T0_delta_wpli.npy,0.15561803180807113,0.20346320346320346,0.13857634980527492,0.17426377863623477,6.5840956976788805,0.6880530729203886,0.21905691091903667,0.05541125541125542,-0.2663587374903769,0.2,0.22723099290014984,0.0,1,22,231,47,False,2,21,20,42,3.11.9,2.4.4,3.0.2,3.6.1
chb07,chb07_sz03,T0,theta,aec,chb07_sz03_T0_theta_aec.npy,0.27116630240629996,0.20346320346320346,0.2419793964384521,0.13508202385370446,2.57888955410975,,0.12380298314795335,0.004761904761904762,0.3406730000887888,0.2,0.3973145674140387,0.0,0,22,231,47,False,9,12,20,42,3.11.9,2.4.4,3.0.2,3.6.1
chb07,chb07_sz03,T0,theta,coherence,chb07_sz03_T0_theta_coherence.npy,0.4257057661864853,0.20346320346320346,0.32789850675104076,0.1565341224617865,2.662966016616828,2.0571142160076983,0.31779494788121043,0.010173160173160174,0.6694672641274566,0.2,0.48414601984346295,0.0,0,22,231,47,False,4,12,20,42,3.11.9,2.4.4,3.0.2,3.6.1
chb07,chb07_sz03,T0,theta,wpli,chb07_sz03_T0_theta_wpli.npy,0.08830284795277005,0.20346320346320346,0.16995086785449817,0.099071190594242,10.752933652101742,1.1761179403492055,0.26552039748091716,0.048268398268398266,-0.37902197023387635,0.2,0.1356859772498963,0.0,1,22,231,47,False,2,21,20,42,3.11.9,2.4.4,3.0.2,3.6.1
chb07,chb07_sz03,T1,alpha1,aec,chb07_sz03_T1_alpha1_aec.npy,0.4473989789716152,0.20346320346320346,0.3443406138835611,0.20197651858800433,3.378117656008438,3.5685631784182426,0.5170868222193942,0.022294372294372297,-0.09172954579079866,0.2,0.5023368275568747,0.0,0,22,231,47,False,2,15,20,42,3.11.9,2.4.4,3.0.2,3.6.1
chb07,chb07_sz03,T1,alpha1,coherence,chb07_sz03_T1_alpha1_coherence.npy,0.4111841588731259,0.20346320346320346,0.2325792834818352,0.25321951475427457,5.1651344523811735,1.692397486805634,0.42375178097324584,0.07792207792207793,-0.07695135400073456,0.2,0.43873356707568767,0.0,0,22,231,47,True,1,22,20,42,3.11.9,2.4.4,3.0.2,3.6.1
chb07,chb07_sz03,T1,alpha1,wpli,chb07_sz03_T1_alpha1_wpli.npy,0.15403171820937056,0.20346320346320346,0.09252687719361571,0.1783902064391202,5.953638590873467,0.4547686339836579,0.2482403569693266,0.05086580086580086,-0.5131964809384182,0.2,0.26170754627319937,0.0,1,22,231,47,False,2,21,20,42,3.11.9,2.4.4,3.0.2,3.6.1
chb07,chb07_sz03,T1,alpha2,aec,chb07_sz03_T1_alpha2_aec.npy,0.2974699335352597,0.20346320346320346,0.18232865773143783,0.17497103811007822,5.502273565195488,1.5922266883238045,0.38773366958290556,0.04264069264069264,0.2395437262357419,0.2,0.3354991655621824,0.0,0,22,231,47,False,3,19,20,42,3.11.9,2.4.4,3.0.2,3.6.1
chb07,chb07_sz03,T1,alpha2,coherence,chb07_sz03_T1_alpha2_coherence.npy,0.39467508073569724,0.20346320346320346,0.2526651537494696,0.24314157839383477,5.111897243050033,1.8159007659981143,0.4163891102099777,0.06796536796536796,-0.08128834355828207,0.2,0.41536732953963523,0.0,0,22,231,47,True,1,22,20,42,3.11.9,2.4.4,3.0.2,3.6.1
chb07,chb07_sz03,T1,alpha2,wpli,chb07_sz03_T1_alpha2_wpli.npy,0.11642106803204572,0.20346320346320346,0.11824139401396341,0.13290084956014,8.638518329201828,0.7464162135462816,0.2377551101197654,0.05822510822510823,0.0037593984962396667,0.2,0.1959372271199555,0.0,1,22,231,47,False,2,21,20,42,3.11.9,2.4.4,3.0.2,3.6.1
chb07,chb07_sz03,T1,beta1,aec,chb07_sz03_T1_beta1_aec.npy,0.1217661989280192,0.20346320346320346,0.15898867875557982,0.1173800227390137,12.550352251819247,2.6720636995470435,0.5893346138198696,0.08441558441558443,-0.026630760023940745,0.2,0.14577479333247279,0.0,0,22,231,47,True,1,22,20,42,3.11.9,2.4.4,3.0.2,3.6.1
chb07,chb07_sz03,T1,beta1,coherence,chb07_sz03_T1_beta1_coherence.npy,0.3785357031345171,0.20346320346320346,0.29391865316340754,0.2079666986874338,5.747307164787443,2.9529287542138656,0.5196143308024651,0.06731601731601733,0.09696157283288728,0.2,0.380117123524921,0.0,0,22,231,47,False,2,21,20,42,3.11.9,2.4.4,3.0.2,3.6.1
chb07,chb07_sz03,T1,beta1,wpli,chb07_sz03_T1_beta1_wpli.npy,0.06795617526889165,0.20346320346320346,0.14686374642613387,0.09199828216947027,13.300665777032602,1.0665476870073531,0.3273444504273872,0.0670995670995671,-0.057698027163675336,0.2,0.11666435307895619,0.0,1,22,231,47,True,1,22,20,42,3.11.9,2.4.4,3.0.2,3.6.1
chb07,chb07_sz03,T1,beta2,aec,chb07_sz03_T1_beta2_aec.npy,0.10429451349385102,0.20346320346320346,0.23414761668497305,0.09499990847068966,12.41887193672456,3.6711262886212808,0.6448764978745316,0.04675324675324676,0.42177745134043354,0.2,0.12555764622659013,0.03463203463203463,8,22,231,47,False,2,18,20,42,3.11.9,2.4.4,3.0.2,3.6.1
chb07,chb07_sz03,T1,beta2,coherence,chb07_sz03_T1_beta2_coherence.npy,0.37668153565230666,0.20346320346320346,0.3441584006001283,0.18540394381738812,4.858320479599195,3.3190551658566405,0.5364297252511441,0.03528138528138529,0.08383161922984823,0.2,0.3723354822293054,0.0,0,22,231,47,False,2,18,20,42,3.11.9,2.4.4,3.0.2,3.6.1
chb07,chb07_sz03,T1,beta2,wpli,chb07_sz03_T1_beta2_wpli.npy,0.07144107947892253,0.20346320346320346,0.09968514587974418,0.07831526529504218,13.939599851076013,0.8318806609600345,0.31025744920951676,0.05129870129870131,-0.21121778676098915,0.2,0.11221715357733637,0.0,1,22,231,47,False,2,21,20,42,3.11.9,2.4.4,3.0.2,3.6.1
chb07,chb07_sz03,T1,delta,aec,chb07_sz03_T1_delta_aec.npy,0.47044556092303513,0.20346320346320346,0.23373648860029722,0.22224950208600464,3.508015375202678,1.0678819872728733,0.19473257602100016,0.0316017316017316,0.3829247062237061,0.2,0.5335782324984253,0.0,0,22,231,47,False,5,17,20,42,3.11.9,2.4.4,3.0.2,3.6.1
chb07,chb07_sz03,T1,delta,coherence,chb07_sz03_T1_delta_coherence.npy,0.4683188394762272,0.20346320346320346,0.23230413552388507,0.22208860407739084,4.13252965362244,0.7425559066695865,0.21537199680801966,0.04588744588744589,0.2707456498523768,0.2,0.5263005224698751,0.0,0,22,231,47,False,5,18,20,42,3.11.9,2.4.4,3.0.2,3.6.1
chb07,chb07_sz03,T1,delta,wpli,chb07_sz03_T1_delta_wpli.npy,0.2240362680640845,0.20346320346320346,0.21768321078970293,0.2009250155159206,3.931218294409439,0.8717170024065015,0.1529658420167338,0.028787878787878786,-0.37205556674048706,0.2,0.35006016756787617,0.0,1,22,231,47,False,5,18,20,42,3.11.9,2.4.4,3.0.2,3.6.1
chb07,chb07_sz03,T1,theta,aec,chb07_sz03_T1_theta_aec.npy,0.2831488113336549,0.20346320346320346,0.21232239034318298,0.1264554965150273,2.777988568122482,1.8186777455443726,0.18578055678556876,0.005411255411255412,0.49975329527031837,0.2,0.38152428656938153,0.0,0,22,231,47,False,7,12,20,42,3.11.9,2.4.4,3.0.2,3.6.1
chb07,chb07_sz03,T1,theta,coherence,chb07_sz03_T1_theta_coherence.npy,0.42727301925439043,0.20346320346320346,0.27346139543164727,0.16375516839765883,2.7226818409470104,1.9589054606839333,0.31780289466905387,0.020995670995670998,0.5458937198067618,0.2,0.469594382426348,0.0,0,22,231,47,False,3,12,20,42,3.11.9,2.4.4,3.0.2,3.6.1
chb07,chb07_sz03,T1,theta,wpli,chb07_sz03_T1_theta_wpli.npy,0.11890298847454422,0.20346320346320346,0.17511762727955238,0.14369718778337157,7.821013008374875,0.7893823118604423,0.1842755271424948,0.05238095238095239,-0.3289334561206055,0.2,0.1974153388123391,0.0,1,22,231,47,False,2,21,20,42,3.11.9,2.4.4,3.0.2,3.6.1
chb07,chb07_sz03,T2,alpha1,aec,chb07_sz03_T2_alpha1_aec.npy,0.4365993774504582,0.20346320346320346,0.3520771542075122,0.26303571609526266,4.37409522002163,2.5540078759810005,0.4989323147144776,0.06363636363636364,-0.1459478021978042,0.2,0.4835207985255734,0.0,0,22,231,47,False,2,21,20,42,3.11.9,2.4.4,3.0.2,3.6.1
chb07,chb07_sz03,T2,alpha1,coherence,chb07_sz03_T2_alpha1_coherence.npy,0.40147875441444475,0.20346320346320346,0.29744956710856835,0.23632705967669804,5.764811810339075,2.297805187443948,0.48320831498574207,0.09220779220779222,-0.025138632162661698,0.2,0.42643275938523134,0.0,0,22,231,47,True,1,22,20,42,3.11.9,2.4.4,3.0.2,3.6.1
chb07,chb07_sz03,T2,alpha1,wpli,chb07_sz03_T2_alpha1_wpli.npy,0.15138492398563946,0.20346320346320346,0.15235223630251438,0.18828818718559315,6.226271072866482,0.8331593568824073,0.2953834402742591,0.05714285714285716,-0.23777276147479406,0.2,0.24424429595057506,0.0,1,22,231,47,True,1,22,20,42,3.11.9,2.4.4,3.0.2,3.6.1
chb07,chb07_sz03,T2,alpha2,aec,chb07_sz03_T2_alpha2_aec.npy,0.3002635095655601,0.20346320346320346,0.19908658260220632,0.20755523220419322,6.139621703913596,2.5346793775801957,0.4735352530904046,0.0696969696969697,-0.15038182886234494,0.2,0.33060979611314034,0.0,0,22,231,47,True,1,22,20,42,3.11.9,2.4.4,3.0.2,3.6.1
chb07,chb07_sz03,T2,alpha2,coherence,chb07_sz03_T2_alpha2_coherence.npy,0.39099485051093774,0.20346320346320346,0.25790611329266855,0.23029198476832818,5.613799534940838,2.0863137326625116,0.44604323976881155,0.07857142857142858,0.3057804289163478,0.2,0.40295571993930973,0.0,0,22,231,47,True,1,22,20,42,3.11.9,2.4.4,3.0.2,3.6.1
chb07,chb07_sz03,T2,alpha2,wpli,chb07_sz03_T2_alpha2_wpli.npy,0.11929245448356501,0.20346320346320346,0.1864222990233851,0.13117080741549073,7.510187575387081,0.9566480092425292,0.23520641469288456,0.04177489177489178,-0.42116200169635243,0.2,0.1776470234204356,0.0,1,22,231,47,False,3,20,20,42,3.11.9,2.4.4,3.0.2,3.6.1
chb07,chb07_sz03,T2,beta1,aec,chb07_sz03_T2_beta1_aec.npy,0.1304187117723724,0.20346320346320346,0.14516230070799174,0.1172314848957957,10.348530139084323,2.5943955434589463,0.5366161191689569,0.060606060606060615,-0.04228267297457055,0.2,0.1655808004546607,0.0,0,22,231,47,False,2,21,20,42,3.11.9,2.4.4,3.0.2,3.6.1
chb07,chb07_sz03,T2,beta1,coherence,chb07_sz03_T2_beta1_coherence.npy,0.3771365803285569,0.20346320346320346,0.2499499777919452,0.20292385585205827,5.876048357246715,2.426710512888018,0.4502609331017164,0.06818181818181819,0.3270925110132146,0.2,0.38597720336672936,0.0,0,22,231,47,False,2,21,20,42,3.11.9,2.4.4,3.0.2,3.6.1
chb07,chb07_sz03,T2,beta1,wpli,chb07_sz03_T2_beta1_wpli.npy,0.08485442022994424,0.20346320346320346,0.21282882205319895,0.0928936601849149,8.31827075445966,1.0699241128899786,0.18689466786872577,0.027489177489177494,-0.4283850273194345,0.2,0.12226444026892581,0.0,1,22,231,47,False,5,18,20,42,3.11.9,2.4.4,3.0.2,3.6.1
chb07,chb07_sz03,T2,beta2,aec,chb07_sz03_T2_beta2_aec.npy,0.11560870720300931,0.20346320346320346,0.1669845532088988,0.11019236601467652,14.912518015529063,2.093330944152611,0.5736353017873577,0.10216450216450218,0.3048159981067326,0.2,0.13877704717291234,0.008658008658008658,2,22,231,47,True,1,22,20,42,3.11.9,2.4.4,3.0.2,3.6.1
chb07,chb07_sz03,T2,beta2,coherence,chb07_sz03_T2_beta2_coherence.npy,0.37637852979874903,0.20346320346320346,0.18563741894772817,0.2195645541523741,5.995049842803518,1.3097220483942151,0.4580746535431136,0.0787878787878788,0.4318525234209725,0.2,0.3762408216768965,0.0,0,22,231,47,True,1,22,20,42,3.11.9,2.4.4,3.0.2,3.6.1
chb07,chb07_sz03,T2,beta2,wpli,chb07_sz03_T2_beta2_wpli.npy,0.06732056935219391,0.20346320346320346,0.11945810734709637,0.07913687742761598,12.886884923487315,1.0065267448748245,0.2617687402700824,0.048051948051948054,-0.20477848713484154,0.2,0.10828131180471706,0.0,1,22,231,47,False,3,20,20,42,3.11.9,2.4.4,3.0.2,3.6.1
chb07,chb07_sz03,T2,delta,aec,chb07_sz03_T2_delta_aec.npy,0.45359571586711345,0.20346320346320346,0.32374375154150203,0.17515005092884603,3.085537631390693,1.4592350614154157,0.26632469564655725,0.014935064935064938,0.6170576253367501,0.2,0.5186831595926589,0.0,0,22,231,47,False,5,14,20,42,3.11.9,2.4.4,3.0.2,3.6.1
chb07,chb07_sz03,T2,delta,coherence,chb07_sz03_T2_delta_coherence.npy,0.44166522893126703,0.20346320346320346,0.31058507518564143,0.21448760406224607,4.167192912466002,1.365105867069523,0.3066047757663849,0.04134199134199134,0.42284076954563987,0.2,0.48959785812941353,0.0,0,22,231,47,False,3,18,20,42,3.11.9,2.4.4,3.0.2,3.6.1
chb07,chb07_sz03,T2,delta,wpli,chb07_sz03_T2_delta_wpli.npy,0.19559679583283338,0.20346320346320346,0.17331176275149537,0.184323168326466,4.275767300367432,0.9365386801596216,0.22224691295775864,0.02857142857142857,-0.23961840628507491,0.2,0.31047573918384685,0.0,1,22,231,47,False,5,18,20,42,3.11.9,2.4.4,3.0.2,3.6.1
chb07,chb07_sz03,T2,theta,aec,chb07_sz03_T2_theta_aec.npy,0.26433351948944733,0.20346320346320346,0.23627384471073423,0.19453335736816804,6.604852837294322,1.1161367187357532,0.34848926632679805,0.0748917748917749,0.17713697219361504,0.2,0.3228105223201381,0.0,0,22,231,47,False,2,21,20,42,3.11.9,2.4.4,3.0.2,3.6.1
chb07,chb07_sz03,T2,theta,coherence,chb07_sz03_T2_theta_coherence.npy,0.41456678580821615,0.20346320346320346,0.2792640047300164,0.24413519723991017,5.611649401825592,1.6701153725789022,0.3909002266174605,0.09134199134199136,0.18508378961340552,0.2,0.44369904199289906,0.0,0,22,231,47,True,1,22,20,42,3.11.9,2.4.4,3.0.2,3.6.1
chb07,chb07_sz03,T2,theta,wpli,chb07_sz03_T2_theta_wpli.npy,0.11648474603700944,0.20346320346320346,0.11770500526489962,0.12369009341393979,7.856382475015662,0.6325704784544132,0.2379845941399823,0.04307359307359307,-0.2763266998341613,0.2,0.19656451190978474,0.0,1,22,231,47,False,3,20,20,42,3.11.9,2.4.4,3.0.2,3.6.1
